EmployeeID,Name,Department,Age,Salary,City
1,Karan,Sales,37,40877,Mumbai
2,Pooja,Finance,47,47730,Delhi
3,Ishita,Sales,30,48180,Delhi
4,Aman,Sales,58,84274,Pune
5,Sneha,Sales,50,44342,Chandigarh
6,Krishna,IT,31,97419,Jaipur
7,Sai,Sales,57,90004,Jaipur
8,Vivaan,HR,47,61364,Mumbai
9,Aarav,HR,39,117204,Jaipur
10,Priya,Marketing,54,45826,Jaipur
11,Pooja,Sales,24,81777,Delhi
12,Krishna,HR,58,118390,Pune
13,Kabir,HR,31,83813,Delhi
14,Pooja,IT,52,53608,Jaipur
15,Rohit,HR,42,45634,Mumbai
16,Diya,IT,58,42571,Chandigarh
17,Vihaan,Sales,40,91816,Mumbai
18,Meera,Finance,41,81320,Pune
19,Yash,IT,45,68998,Chandigarh
20,Arjun,Marketing,38,59034,Jaipur
21,Arjun,Sales,60,32273,Jaipur
22,Vivaan,Sales,28,88601,Delhi
23,Rohit,HR,27,111135,Pune
24,Rohit,IT,54,101342,Jaipur
25,Pooja,Finance,57,75925,Mumbai
26,Aarav,Marketing,35,91929,Pune
27,Kabir,Sales,49,63409,Chandigarh
28,Rahul,IT,49,25737,Chandigarh
29,Priya,Finance,42,75178,Chandigarh
30,Vivaan,HR,60,37275,Jaipur
31,Rahul,IT,59,95321,Pune
32,Vihaan,Marketing,58,52199,Delhi
33,Ishita,Sales,31,33821,Chandigarh
34,Ananya,Sales,45,64151,Delhi
35,Ananya,Marketing,32,108917,Delhi
36,Ananya,HR,59,92680,Jaipur
37,Diya,HR,36,25434,Jaipur
38,Vihaan,Finance,60,84755,Jaipur
39,Arjun,IT,34,41056,Pune
40,Vivaan,Finance,58,108210,Pune
41,Arjun,HR,26,64849,Pune
42,Vivaan,HR,45,64659,Pune
43,Rahul,Marketing,38,99837,Jaipur
44,Rahul,IT,25,118453,Pune
45,Aarav,HR,30,30610,Mumbai
46,Sai,Sales,53,103932,Delhi
47,Priya,HR,21,110705,Chandigarh
48,Krishna,HR,39,47948,Jaipur
49,Karan,IT,57,60959,Jaipur
50,Yash,HR,41,28044,Mumbai
51,Neha,Marketing,46,61065,Pune
52,Aman,IT,29,31680,Delhi
53,Riya,HR,39,44592,Mumbai
54,Aman,Marketing,25,71876,Jaipur
55,Sneha,Finance,60,37785,Delhi
56,Krishna,Finance,59,26388,Mumbai
57,Priya,Finance,26,39944,Jaipur
58,Vivaan,HR,30,93098,Pune
59,Aman,Marketing,33,93529,Chandigarh
60,Kabir,Sales,28,36308,Chandigarh
61,Krishna,Marketing,30,45339,Delhi
62,Riya,Sales,51,103775,Mumbai
63,Aditya,Finance,34,104111,Pune
64,Aditya,HR,59,25961,Chandigarh
65,Aditya,Marketing,40,89952,Delhi
66,Meera,Finance,34,93348,Chandigarh
67,Riya,Finance,29,44467,Chandigarh
68,Rahul,Marketing,39,111372,Chandigarh
69,Kabir,Sales,60,98086,Jaipur
70,Meera,IT,53,42018,Pune
71,Pooja,HR,37,100374,Chandigarh
72,Ishita,IT,52,93361,Mumbai
73,Vihaan,HR,55,50865,Jaipur
74,Krishna,IT,31,86407,Delhi
75,Krishna,Finance,54,69742,Pune
76,Aarav,Sales,34,48954,Chandigarh
77,Kabir,Finance,40,41114,Chandigarh
78,Ananya,Finance,32,117261,Mumbai
79,Sai,Sales,53,88062,Delhi
80,Aarav,HR,35,38835,Pune
81,Rahul,IT,36,56592,Pune
82,Ishita,IT,21,27950,Jaipur
83,Diya,IT,36,32511,Chandigarh
84,Rahul,IT,38,34068,Mumbai
85,Ananya,Marketing,42,109468,Pune
86,Aman,HR,54,61421,Chandigarh
87,Rahul,Finance,26,63170,Delhi
88,Sneha,Finance,57,51497,Jaipur
89,Vihaan,Marketing,48,59635,Pune
90,Krishna,HR,50,49385,Delhi
91,Vihaan,IT,38,91238,Chandigarh
92,Pooja,HR,30,80870,Mumbai
93,Vivaan,Finance,48,115602,Jaipur
94,Krishna,IT,46,83606,Jaipur
95,Rohit,Sales,28,87258,Delhi
96,Riya,Marketing,60,38307,Jaipur
97,Arjun,IT,52,90801,Jaipur
98,Sai,Marketing,55,35042,Mumbai
99,Rahul,Finance,39,63233,Jaipur
100,Sai,Sales,45,114255,Delhi
101,Karan,Marketing,40,53617,Mumbai
102,Rohit,Sales,23,42035,Chandigarh
103,Sai,HR,43,30358,Mumbai
104,Aarav,Marketing,24,43342,Mumbai
105,Karan,Finance,29,91817,Delhi
106,Sneha,HR,54,41446,Jaipur
107,Yash,Finance,57,111372,Chandigarh
108,Neha,HR,41,78232,Delhi
109,Meera,Finance,52,54630,Chandigarh
110,Vihaan,Marketing,23,105041,Chandigarh
111,Ananya,Marketing,43,70502,Jaipur
112,Yash,Marketing,37,110427,Mumbai
113,Ananya,Marketing,41,91186,Jaipur
114,Aditya,IT,52,32328,Chandigarh
115,Priya,Sales,30,80570,Mumbai
116,Sneha,HR,22,109030,Chandigarh
117,Rahul,Marketing,53,109378,Pune
118,Yash,IT,32,66432,Mumbai
119,Kabir,HR,39,37038,Jaipur
120,Ishita,Finance,46,48526,Jaipur
121,Arjun,IT,44,34259,Delhi
122,Vihaan,IT,23,112819,Pune
123,Yash,IT,49,45127,Mumbai
124,Ananya,Marketing,49,30162,Pune
125,Kabir,Marketing,48,92111,Jaipur
126,Krishna,HR,50,68385,Pune
127,Meera,HR,43,111119,Delhi
128,Pooja,IT,58,98751,Chandigarh
129,Ananya,HR,42,104170,Pune
130,Arjun,HR,39,48337,Mumbai
131,Ananya,Marketing,41,62548,Pune
132,Ishita,IT,32,25092,Mumbai
133,Aditya,Sales,25,69947,Mumbai
134,Diya,Sales,56,63928,Jaipur
135,Vivaan,IT,39,85762,Pune
136,Riya,HR,23,81025,Delhi
137,Rahul,Finance,47,111306,Mumbai
138,Kabir,HR,42,87586,Delhi
139,Aditya,Marketing,53,90734,Chandigarh
140,Vihaan,Marketing,36,48848,Delhi
141,Vihaan,Marketing,38,109701,Jaipur
142,Priya,Finance,56,81791,Pune
143,Sai,Finance,53,94834,Chandigarh
144,Rohit,Marketing,35,48725,Jaipur
145,Sai,Sales,34,108771,Pune
146,Sai,HR,37,110139,Pune
147,Aarav,HR,53,49753,Mumbai
148,Vihaan,HR,45,117707,Chandigarh
149,Sai,Sales,40,96193,Pune
150,Rohit,Sales,41,59682,Pune
151,Priya,IT,50,84585,Chandigarh
152,Arjun,Marketing,43,70662,Mumbai
153,Vihaan,IT,59,59645,Chandigarh
154,Arjun,Marketing,38,63249,Mumbai
155,Meera,Sales,33,85243,Delhi
156,Ishita,IT,60,83446,Mumbai
157,Meera,Marketing,60,77370,Jaipur
158,Neha,Finance,44,59830,Chandigarh
159,Karan,Sales,42,64626,Jaipur
160,Pooja,IT,35,55192,Jaipur
161,Meera,Finance,35,57326,Mumbai
162,Ananya,Finance,50,55534,Delhi
163,Sai,HR,25,62401,Pune
164,Karan,IT,26,82474,Chandigarh
165,Rahul,Sales,54,115925,Pune
166,Karan,Finance,48,66151,Jaipur
167,Krishna,Sales,32,59424,Mumbai
168,Ishita,HR,53,27985,Pune
169,Priya,Sales,23,88942,Jaipur
170,Sai,Finance,21,96796,Jaipur
171,Kabir,Sales,50,108995,Chandigarh
172,Ananya,Marketing,34,70160,Mumbai
173,Yash,IT,38,38243,Jaipur
174,Krishna,IT,41,92355,Chandigarh
175,Ananya,HR,31,54906,Mumbai
176,Riya,Marketing,45,31134,Delhi
177,Arjun,Sales,53,33195,Jaipur
178,Karan,Marketing,41,116153,Mumbai
179,Riya,Sales,29,31290,Mumbai
180,Ishita,HR,40,32501,Chandigarh
181,Karan,Sales,47,62959,Jaipur
182,Sai,Sales,38,51256,Jaipur
183,Ananya,IT,59,64987,Pune
184,Arjun,Sales,41,75268,Pune
185,Neha,HR,55,37182,Pune
186,Diya,Sales,26,107725,Mumbai
187,Kabir,Sales,29,119074,Mumbai
188,Vivaan,Sales,35,60027,Chandigarh
189,Krishna,Finance,47,77431,Pune
190,Meera,Sales,37,71631,Chandigarh
191,Karan,HR,28,,Delhi
192,Sai,HR,42,90200,Delhi
193,Meera,Sales,42,,Delhi
194,Ananya,Sales,58,45768,Mumbai
195,Sai,IT,24,79593,Chandigarh
196,Rahul,Marketing,49,52250,Mumbai
197,Meera,Finance,40,35097,Mumbai
198,Arjun,IT,60,104118,Pune
199,Rahul,IT,44,80661,Jaipur
200,Kabir,IT,33,40830,Delhi
